<?xml version="1.0" encoding="UTF-8"?>
<feature
      id="org.sonarlint.eclipse.feature"
      label="%feature_name"
      version="7.6.0.58887"
      provider-name="%provider_name"
      plugin="org.sonarlint.eclipse.ui">

   <description url="https://www.sonarlint.org/">
      %description
   </description>

   <copyright url="https://www.sonarlint.org/">
      %copyright
   </copyright>

   <license url="http://www.gnu.org/licenses/lgpl.txt">
      %license
   </license>

   <requires>
      <import plugin="org.eclipse.equinox.security"/>
      <import plugin="org.eclipse.core.runtime"/>
      <import plugin="org.eclipse.core.resources"/>
      <import plugin="org.eclipse.core.expressions"/>
      <import plugin="org.eclipse.core.filebuffers"/>
      <import plugin="org.eclipse.jface.text"/>
      <import plugin="org.eclipse.core.net"/>
      <import plugin="org.eclipse.core.filesystem"/>
      <import plugin="org.eclipse.team.core"/>
      <import plugin="org.eclipse.ui"/>
      <import plugin="org.eclipse.core.databinding"/>
      <import plugin="org.eclipse.core.databinding.beans"/>
      <import plugin="org.eclipse.core.databinding.property"/>
      <import plugin="org.eclipse.ui.ide"/>
      <import plugin="org.eclipse.ui.console"/>
      <import plugin="org.eclipse.ui.workbench.texteditor"/>
      <import plugin="org.eclipse.jface.databinding"/>
      <import plugin="org.eclipse.ui.navigator"/>
      <import plugin="org.eclipse.ui.editors"/>
      <import plugin="org.eclipse.ui.forms"/>
      <import plugin="org.sonarsource.sonarlint.core.sonarlint-core-osgi" version="7.1.0" match="greaterOrEqual"/>
   </requires>

   <plugin
         id="org.sonarlint.eclipse.core"
         download-size="54559"
         install-size="58592"
         version="7.6.0.58887"
         unpack="false"/>

   <plugin
         id="org.sonarlint.eclipse.ui"
         download-size="1331"
         install-size="1996"
         version="7.6.0.58887"
         unpack="false"/>

   <plugin
         id="org.sonarsource.sonarlint.core.sonarlint-core-osgi"
         download-size="11962"
         install-size="28212"
         version="8.12.0.58811"
         unpack="false"/>

   <plugin
         id="org.sonarlint.eclipse.cdt"
         download-size="15"
         install-size="37"
         version="7.6.0.58887"
         unpack="false"/>

   <plugin
         id="org.sonarlint.eclipse.jdt"
         download-size="16"
         install-size="59"
         version="7.6.0.58887"
         unpack="false"/>

   <plugin
         id="org.sonarlint.eclipse.m2e"
         download-size="7"
         install-size="38"
         version="7.6.0.58887"
         unpack="false"/>
         
   <plugin
         id="org.jetbrains.kotlin.osgi-bundle"
         download-size="4508"
         install-size="11177"
         version="1.6.21"
         unpack="false"/>

   <plugin
         id="org.slf4j.api"
         download-size="51"
         install-size="101"
         version="1.7.30.v20200204-2150"
         unpack="false"/>
</feature>
